title,identifier
173_KLAF00792,54affce991d70b5260573d48fac1e39e
481B_A26334,4d62419dfd7fc0d565ba05fd0c2d1795
494_A26620,122c0cc0fde678c6d9e8a7c6b9563071
509_A21956,79f32bf91aa7bb5bed04b26c0426c8eb
562A_A25337,8a8e823658f2c255bd804d48b19c84c5
492_A26627,e6309baeec5e2021f1fe41a8ac41c2a9
493_A26625,a95b6ee7de3c110450cc9bedcef8a27a
495_A26631,1e3d8947cfd7690a8f1859c7e19f8ca9
496_A25878,05d9b1b41b95ced4db75d15cf8989df0
497_A25837,4f9cb1dbe4e4fdc979b7d7a4a17df319
498_A25835,36bd081f1fa75b04ce57b45508b1c34c
500_A25094,2489ea178a2a02bc75284c84b7ddaebd
501_A25118,12a5ed04deee408764f9735e31c53734
502_A25137,fe1329a48f515879542b00d093ce99f3
503_A24169,cfb252a952a26211f97da41247d760d0
504_A16647,1b7402dd4d364558dc7d9d98acdc9b9d
505_A16648,e46102b72b47d07acedf3738f7275a8e
506_A22984,5a8534ef48964ca8fad782dbfc051120
507_A22985,259da933388d1f17cfa2cea0a68cac62
508_A22986,7a1488aad71bb659282b35fe5da43a13
510_A24167,5d835893d192c09f7b9515de713ca50f
511_A24168,3a901ad27fc4b81136d1bef9f075a7ee
512_NOTA00051,66fdec3960b80fe501733709f5ab9872
513_NOTA00052,cb5cdfa93873fc60914502d591422031
514_NOTA00053,69c0f28f5b2417cc5deeb361543d504b
515_NOTA00054,1002b6c4e4bfcaa9ef0f51c5793cddba
516_NOTA00055,7479467594bf56d5318184f1e2a01690
517_NOTA00056,789cf736d6afb8acb26a934370b1ffa1
518_NOTA00057,9071052068d293a5ecdfa343120e66f9
519_NOTA00058,6b1eb75c8539e614ab6033d75f89b977
520_NOTA00059,d615651975fe76bf5fd90f10fb047409
521_NOTA00060,3220489cc8b0e01622878e2b83b79427
522_NOTA00061,afdf65818399212af2b0b4571642c237
523_A32501,f54d50a9ee63e8e95227c33252c99555
524_NOTA00062,94d3bbd904890f3ed0cb09e8f273f566
525_NOTA00063,13132867f7b75e35b7b3729694775df6
526_A32515,62d76913090a7d71f97009ae5ecf034f
1165_A14251,4f8a17608b3c13656b007f2b4072d209
1157_A29824,685b54a7b29828c0b39426962b692bda
1158_A29816,1a0652114ec55362caf8306c16f4e245
1159_A29806,c21e380fcec3b8cbb7b136dfa7075153
1160_A29802,eb7b46c6dffc82fcbeab22ed15701605
1161_A29800,7e409997849511bb8b28888747971836
1162_A29825,c12b56f4d8ef4de406fb527f5b502df9
1163_A29811,eb1c0edffdc61c768089e13d2e2bbaff
1164_A29827,902f400bf5f0f9a87f34317ee9cf7c75
1166_A29852,dfad5c6e2a464e39aa6f2703282bbec2
1167_A14250,582cd9fe3c741b71002f9fc29e809b72
1168_KLAF00645,1a631d36790fc65677b14a3f8ebebd8f
1169_KLAF00648,952745b75192eb8311aa5be8a10bd4eb
1183_NOTG00415,6c47ed6394b9e08c5795c678f86112e7
1278_A31203,ef89a0f6d3f129aa0ddb0b60c40cb04e
1279_A30746,42f7a1941443c68a4ea61a73e74c5ee4
1280_A30768,8617bc53bb8c2f72d2761f8fbd113462
1281_A30761,06d559d8d9804f885a35f883b6c33e57
1282_A30772,b0e62f8826ab21de52fd51c3ec223db7
1283_A20362,cc1609a95ebd5e0e3b540d86cbc72e0f
1284_A30708,8f8d006d74255f1fcc1fb28f4d193452
1285_KLAB05520,bf5e983f0f87179082fccfc4a1c93c28
1286_KLAB05528,3262a1f141417f466263705ee401c4a8
1287_KLAB05564,d4a39ae6f2e7ec2e4d5b148fb19e2de3
1288_KLAB05555,b7c1da6446faa7bf820bf975a74970b3
1289_KLAB05562,e71cd061147cd7e23f0d270580688b95
1290_KLAB04784,ce6d2486a3659b75da320e111d41a832
1291_KLAB04820,9a2f89180b23f619859b8d6d4f65443d
1292_KLAB04762,69c35661fc0703d919cef0f63caf7e24
1293_KLAB04781,a72313c557b3a9d9b3c27f968b55a3b9
1294_A26669,7e5ff5c22f4009d9896c261b9c1fe161
1295_KLAC01164,e779aade2307c290bbb2bb9a16fa5774
1296_KLAB03099,7fda32236389eec69649faec8ccd3393
1297_A30998,3546e22f0604776ada87e1a0f1c1d7b5
1298_KLAC01212,125aacb04a8d717296cb2c1f063a5298
1299_KLAC01194,71f75fd9565274165808deb5c7bb2cc8
1300_KLAD01885,2f11e029073fb4761dac3badde03477d
1301_KLAD01840,e2f2d50481e2fcbc5929c002b7568cd3
1302_KLAD01900,ea41dd79358edb4e3b2082162e746f1c
1303_KLAD01899,2f648c0b506dd7df98d2fded6692f337
1304_KLAD01887,535cb7e886094f5a6447f56841a56c6a
1305_KLAD01893,40455b400c648dda883e53bc108daa53
1306_A32698,69f5dc35c8b23c3f83ebc5ebabe59d82
1307_KLAD01877,9b28c45737ecbdf887ffad9fa422c81a
1308_A24966,794cfabf6057628e47a73dc3c540e4a9
1309_A20373,f3f3ada46235eef3c2582189dfab631d
1310_A23644,94a52acc79c13070f400856614a4e878
1311_NOTG00054,706edc93c4c30674cf574e6a689849f0
1312_A23645,e9df96c521e5b0e3f46da95aa9865e0e
1313_A23646,4d7c9733fa589e4560a169f46608c4a8
1314_A23647,adf194e15300829fb071cf13ca07f4f6
1315_A23648,f4d00f466d4f159a5daa0fc569ed8d34
1316_A23649,3b7b91695cdcb7fb0a422c1605cd530a
1317_A23650,1c55879f6456d08cba45a9e71efafe04
1318_A23651,d0636b6e17142dc3e869b5d6718175d3
1319_A23652,3d8dee7e821cd8faa526618485dcbc1e
1320_A23653,68695af2bce10c8dd7049f09c7fb1eaa
1321_A23654,24f4bd33d12b227b758d8f19370f2718
1322_A23655,95b337aa7424e02d09dbf5f4215f2fc6
1323_A23656,4353667a56feb2842a182b46462c62e1
1324_A23657,9562ed88855666818d34f42f3a036cd9
1325_A23658,0a3b7eb95a3ec27fc3423c1329634782
1326_A23659,91d6a2921c6201e04264d07e890111f5
1327_A23660,67a4fc4c903845986b762c388c062f3d
1328_A23661,82db4e9cd69290a4aa1e79a324b2d169
1329_A20015,df166091df6a6e5c6956027d7c1e4659
1330_KLAG03343,4ae9ee8c08702aef918a215eb5613d95
1331_KLAD01971,446ce6c17b63285051d5ee45e5470b53
1332_A33628,333e0c168eb3f1e8a1ba0ef00fd5b699
1333_A16607,f0f24737a37603a5e39ed5ccf191360c
1334_A16608,ade39be429c515bdf69182eb20685eac
1335_A16128,bf5050e4073f17ba63d9699b9a9dbeae
1336_A33621,5f0747c03df02d142a0a15d0b8ea2d92
1337_A33642,737ddb4a35ca61188ef8dc2a5aa0ad41
1338_KLAD02241,2f2981434f04a466f4a3501e00854bbe
1339_KLAD02233,0605065261fa9ce91d6b98a8f10d2237
1340_KLAD02222,b9359bbb66505f4465ff064356b19117
1341_A33641,dc6065b5a8743872f9278d171df9ce80
1342_KLAD02194,7157a433558085ff45aff8a755a3a904
1343_KLAD02179,83e97ade6f7c5ea61595c5e621677e20
1344_KLAG05131,08466bcab5a9d0bce7fe565d59fbdc1e
1345_KLAD01958,0d64dfd1e9239e3f2caa68b965293521
1346_A16039,5aa0b1c1f56374ef419e615639b103b3
1347_KLAD01984,ce62cd77c5c444d17e36fb8654082df2
1348_KLAD01959,8cba1c866db51ca61120d941d65d8fc9
1349_KLAD01982,6e1017dbfc72e3b9e357f8b085ae6992
1350_KLAG05101,5343be326eebcb3edb661c1540f50500
1351_KLAD01930,3e921780c1cf7a51367ffcb012242cad
1352_A20014,53b937fa4ae3631924cb117f0c8cd38a
1353_KLAD01960,35ce727a9662b434db83a3d5b9bef983
1354_KLAD01983,97bf263ec64c2874c6dea3a4b89517c6
1355_A32419,71bc5bab7696ac8bcaaca4cce78e857d
1356_A32406,6bad2f2023ffb086dd8bfc77714e0818
1357_A32396,687c4a4c528dc44841b8c50da495753d
1358_A33853,1d412b90fae92076e0ac29e1c81684f8
1359_A16581,f2c6f4c1d642d20211479bba1b7b24e6
1360_A26673,8508a76c808e8615d4a419e444e8f69e
1361_A24963,e0280c7b61543209a03994a5c74c1d03
1362_A26736,17467dd88db5471d41842e96b7bfce8f
1363_A26720,a1a820af2517806b2b7e36779acb7466
1364_A33864,1b698d473e3bf36976845bbc7a3c3c25
1365_A33852,49d60a86a658c9cb1f57ba3bb5219b14
1366_A30981,3ada4d40592ac9575921f0150ba4ff99
1367_KLAD01936,4a5e321981088ea527020b7a3e7345f5
1368_KLAD01978,87743e13cc755e2e6d7858e58951c72c
1369_A25702,c9edff17f4142ff3568ee2ba003b2f60
1370_KLAD01948,8448cfa00b5f5ec173df7ec32d2bcb57
1371_KLAD01928,6699ca2afaa6fc0bcbd657ab2eca1151
1372_KLAD01927,1404d732adf89f245c68db23df6d4ada
1374_KLAD02350,fcdc846ccddc2bd37ebc2ee086856b82
1375_KLAD01555,1c7cd9974880fffba4c443601641f729
1376_KLAD01549,e7282b8aa96257eeebd7ec6f67585b01
1377_A20429,e53baeb2c86fe01f2544f50fc77b4ebb
1378_A30705,ccf8ae0b211050c2b679d262d27faefb
1379_KLAD01539,79cb389d811ed57749b3516b0357c9ce
1380_KLAD01532,1c5241718b13ce4b6aebf48c6c35fa0d
1381_KLAD01557,c58086bb8c4469a06d1759c2807d284f
1382_A16415,c5c2165e48a4259df74dbfab95d812d3
1383_KLAD01545,6ffaaa8b24194deb6ba39694ad57e43f
1384_A23539,2890d8044a3edca2fe4c0cb5911de357
1385_KLAD02331,420b5590820db6244e217814f12c0ad8
1386_KLAD02349,58453ca5d073121992153f6a65df577c
1387_A31025,6b8a7227327706bd5e6871b755cc1c94
1388_KLAD02306,07a84ba1e5e6e4fe73fb3404c8de9f39
1389_KLAD03198,b8962d455e3e53540cce7880ac4035d2
1390_KLAD03197,9a2dcc9c47b24ddb575d99850e706d28
1391_KLAD03196,241c74d53226025e91539baa50c254df
1392_KLAD03195,aa6e47441a3816cd596378d074558dc3
1393_KLAD03194,a268a2a6215907561084a2487bb65757
1394_KLAD03363,9ba9e202f53ed72b847c885f5c7abba6
1395_KLAD03391,eaac4f851b2e54369091f2d772c440d6
1396_KLAD03375,647f8a1b6847f0f6cd654e5e352d6625
1397_KLAD03352,ad9114ed01e0d06463fa166362ab0679
1398_KLAD03522,b05bb1bb8604b5f9136b09a2149927c0
1399_NOTD00099,ddf8654e834ae7b1ea968d7c87d66276
1400_NOTD00100,1e198179ec19e13341261909dff9d8d3
1401_A31068,7109ddca3ac4612e087dd7b6f081f37f
1402_KLAG05092,0f126875ca0692db312a9b096b289369
1403_NOTD00101,31b0e2f41cf8ba8470a9d0618e513dda
1404_NOTD00102,d9b116edab0f92a4a8c3af6b610e4abb
1405_NOTD00103,ceb91aeeda1ea15753ab9ec0581f6836
1406_NOTD00104,cf5a7b87837702eb2400e5729dc78508
1373A_NOTC00997,e1bbba844266231a0e619122d6689b7d
1373B_NOTC00998,14bc69087e086dac002eae3797dd90dc
1373C_NOTC00999,27a918e7847a87a742267418e2cd9cc9
1373D_NOTC01000,924da9e947c92a8fcba709f8d13e85a1
1373E_KLAG03197,f1bf056363b2719474af4bc30abe4cdc
1373F_NOTC01001,4086c8b480a31fec2d43c0c86af85b9f
1373G_NOTC01002,bc055a18039166bc8c97341aa55a37e0
1373H_NOTC01003,7fb996a48f62d20ba8ed375ce28c3b00
1373I_KLAG05143,b7b687e3ed78422aa841ed897550e38a
1373K_NOTC01004,1ad50ff835ab805ffbf6ede8c1d5fefb
1496_NOTJ01398,9e764d78080bb75f4b9e19cdf59688b7
1478_NOTJ01391,bbb0c98930225bbfb2898d90e30b4978
1479_A16609,57f35382567f680c53079b987545d5f2
1480_NOTJ01392,336d1ebe9de77f6917c820d6d2accd8f
1481_NOTJ01393,f5df6d0371dca703e2874b020c0b7d44
1482_NOTJ01394,3ead985dec203b2cc58a89e45dbb33e4
1483_NOTJ01395,9b53b6e125af2946e5d6ca59b3e8c1f4
1484_KLAC03975,09aeb1d95c6ade07339954f3f480f8f0
1485_NOTJ01396,af3c0a9a360f0dc8e0425689268e1646
1486_KLAF01217,ce2844df4d8a7aa69b89b5f07576f225
1487_NOTJ01397,83025695105aa798a46a859575cfff30
1488_KLAF01252,1851bf44c67a5b31270a0c65a37a1cfa
1489_KLAF01273,90c34ed2bce4b41e6884268db7774603
1490_KLAF01288,bf963af10574e15b573d392657d507a5
1491_A15875,6719843f0e1f170e225204ba69f9e349
1492_NOTG00055,fcf5b42d11ee0d07318b5ea25cb2fb0b
1493_A11290,975b8c41d8250c7871b8be1174f79baf
1494_A11036,749a5b1f2418b8fb0a0f104919710405
1495_A34900,960e558fb35c215c6a86ce1a05d3b0ca
1970A_A29700,20fbe1f4a2de7bb5d4866db9b15647f5
1970B_A24201,5a5d39f90c9b8628c7a1a3ddc40204c1
1926_NOTD02619,8d1f4b95e3374e95ade963de6243fb66
1927_NOTD02620,ee418e2110bc2b27359c5759ed846b9d
1928_NOTD02621,d36981216e9f160098f2a00ce5958290
1929_NOTD02622,8617d1c6bae3d56eeb767ae9991c4c78
1930_NOTD02623,3fa008aa794f1222c71c07081cdf4bdf
1931_NOTD02624,767d6787115a743438286ab6849c87cd
1932_NOTD02625,05019b9355c217a8a351fb18efd91ab3
1933_NOTD02626,7ca6433f196050be6e06b1f4ddf86aa6
1934_NOTD02627,816985c1b33f0dc9c5221a9c7619d522
1935_NOTD02628,d741eeb1b78b2f1e2da9970f5c97a03e
1936_NOTD02629,0357696d5f6076c532a89cdb42308849
1937_NOTD02630,6c90a11828face2ad160e9cae309c110
1938_NOTD02631,cff36766ebea70f83a38ce4c40b7d66d
1939_KLAB04463,41465934a5994a101172f2b32d1e638f
1940_NOTD02632,fa14bdae10bf5882572041972c1651a7
1941_KLAB04791,06c710990fef4fa22a11022c3118a3b5
1942_KLAB04453,193c7c72b94461f54a92b8d83694690d
1943_NOTD02633,ae9304cfe358cc9977ff0d1a4eb62c07
1944_NOTD02634,569959e88a8afa8e17d6eb1695783f1c
1945_KLAB03880,9a03a0558427ec183a476377f005ef39
1946_KLAB09776,9be61b25ed3b3c1ddc58fbda22b8c984
1947_KLAB09739,ff69b970c2f61b6b91788062a4a88c7e
1948_KLAB09790,6e7cbdc972debae7f97ef21d22d44159
1949_NOTA00166,daf93bdc027f352ab8f1a68b24005d36
1950_NOTD02635,e1cc1b2cbf27a5c7cd13bc881f120c5a
1951_A24200,4b1a6ed95c7af66410a0fdeb2189e374
1952_NOTD02636,f7e50827bacc3957837b3a9f9f780bfd
1953_A32926,ec70929b4a49e34a7842271729267142
1954_NOTD02637,246ec6c88920ba496603ff6293e26bdc
1955_NOTD02638,117508148bfc5ea77719ad2b50aea288
1956_NOTD02639,89920948bc32e029ef7305f63819564a
1957_KLAB06562,08c20ab9754b5e785dcf969fb9c2ef6b
1958_NOTD02640,d6c654c3067df02074624febe75504b8
1959_NOTD02641,ee5cb61a57c1f468faa2297c12570a43
1960_NOTD02642,4fc1813caecf4dc00c304dd85c8feebe
1961_NOTD02643,74d629bdc440d09524968216e7c3eb6d
1962_NOTD02644,001d7d4eddb726dfcf6a0e00cfa56c73
1963_NOTD02645,4341bb81284c94dab0408105412fd82a
1964_KLAB04785,9353f70b8b829533ddd6bb62f13ddb74
1965_NOTD02646,3a2e89557737d095ebc89592b562b23b
1966_NOTD02647,f87008adbfb3875b80c289f6bbe55dad
1967_NOTD02648,463bc27f68ce65e0c4cbd9f1622426d0
1968_NOTD02649,5640450ae44359154374b04983c0c374
1969_NOTD02650,dca5be2e6284399086ce7eec95519d3e
2261A_A27312,9304e2a336fcc3f4408a51eea939d011
2261B_A27393,cb8079578fcbebfc3e9c15cc188272d6
2262A_A27422,26e98c713acb81588137c650841cf9d1
2262B_A27350,367aa50ed633b1b25368a9f0905daaed
2184_KLAM08485,a1a1d9364eb784026d4a100dd355e67e
2163_KLAB07936,76286fbc3156ede28b8fbd96a6b3a62d
2164_KLAB07525,69d4dde5afbc1e20129af1ebd30ef2ae
2165_NOTD00167,237512f4a481728693703bca5b8b4407
2166_NOTD00168,2ab0040f2cb8e965e88452100e72870a
2167_NOTD00169,f12f89e3f35dfc6f740cec44be40a206
2168_NOTD00170,447717f4d0388bf78b2c2c9c856cbd61
2169_NOTD00171,dcb9ded6b2910d0b3ecd5dbb9f1d906a
2170_NOTD00172,c7a8d21313781a304e8ce53f4f1fc7ce
2171_NOTD00173,071957ce1108422827484951689f674d
2172_KLAB08494,6db688568dc109ea4e688479f3245c32
2173_KLAB09518,1c5a564cb18777947a11bd40a744ee2c
2174_NOTD00174,563a98b94aea899f776963dd8c8fb375
2175_NOTD00175,d9f1ffc7b1e9f52d1aedbc9c5608d3e2
2176_NOTD00176,9468e868a0bde8cf1b9b92b2ca5a9d76
2177_NOTD00177,dd7ec4e665a479f8123363f0fed1005b
2178_KLAB09413,82925cd11f6303be412e751e4e251a06
2179_NOTD00178,b40ecf4c5f000ccd29398ff08ffacb6a
2180_NOTG00450,45801e604a4b8fbcf08853fefaffcd1d
2181_NOTD00179,9a2b5a82d6d65cd9bf6f07d869197864
2182_KLAB08489,090737d052b1f6340612994ab37fd4f2
2183_KLAB08553,65d0dcc41bbbfa7987954821ec73611b
2185_KLAB09456,c062fbd50a3860edbf70719700608a27
2186_KLAB06892,cb7d14d85e298e8363a0e096fee9e188
2187A_NOTC01105,6cddf417945bd08862ea066ce1418d76
2187B_NOTC01106,6de5f428825f8e3484aac0abe71be017
2188A_NOTC01107,8296341511dcbad775b202801fa464aa
2188B_NOTC01108,20190a190b7d4b26b2888256403198f3
2189A_NOTC01109,fbf61e1d88b5598dc5c1f9dba0939a66
2189B_NOTC01110,2ffe7c41f44bbdb72bac397c0067f295
2190_KLAD01238,14c4930229ec6b244a73fdcaac12f601
2191_KLAD01242,64729bd2329f960b660c5f0495bc5986
2192_KLAD01202,cd49d5348d6d81073891c00dd761f835
2193_KLAD01188,097dd097a75ee82915216e64fb32fa96
2194_KLAD02658,6ff6d4597486b03c2f6af93a6eef8000
2195_KLAD02642,c719e4bf51f2785c2d8796356901ef97
2196_NOTC00065,b80c4acd475d015ab810d05c5ccad83e
2197_NOTC00066,b22381a3289f78fa9e401c6285873b97
2198_NOTC00067,ee402d5a4e01dfb5c07a9b33034e460e
2199_NOTC00068,47f1d522c7aa42aca51285e6a7320df1
2200_NOTC00069,48307624fc3bc7c5e39ee4897d68fde9
2201_NOTC00070,0fb765016a994f312e3f9ff2017c0356
2202_KLAC03939,8e1784f0ae27e3a4435f0af9c9852534
2203_KLAC03953,8fa52c354f7c1032c46e0fcada90cd30
2204_NOTC00071,fe1d1d17c8410ed88e696d1cec8625c2
2205_NOTC00072,eb3c870fe0ce99ce9c409f518afdc77e
2206_NOTC00073,dae892fdd44361d9be48a10dd26cc508
2207_NOTC00074,58e947ea06b13d90ed7d3f843bd3d9b9
2208_NOTC00075,d10d87ce33c6aaeb3d4be235cdd94e80
2209_NOTC00076,ac5c74eee6b5d0d0cb6e73e491e01fe7
2210_NOTC00077,9899bb3eb580fef11e8316d36a139e01
2211_NOTC00078,3d8c2029fcf54e7f269ad568db9e31a5
2212A_NOTC01117,cb49c9328b2b0e9a50867d13c9bdc248
2212B_NOTC01118,7db0dea80d14a877b050f7ff15726794
2213A_KLAB02795,79730a6af715c3a5a4917488ac136c6c
2213B_NOTC01119,48a2209e398930f0778362e33f699a25
2214A_NOTC01120,ddc60429ab06e9676958befc66c6c957
2214B_NOTC01121,96159b662306ebc95fe718a58a48006c
2215A_NOTC01122,04180f402eb901ae570d51ebca1a5361
2215B_NOTC01123,5ed40da9b35974998a32c20adf5ea799
2216A_NOTC01124,db946a8d9c1184927261e97a3a723e24
2216B_NOTC01125,61db01f9a20be34654300c9c861602d3
2217A_NOTC01126,147a526bd5f2392a96e0114efb5f8d76
2217B_NOTC01127,912f1728239b459ca3243977070fbbeb
2218A_NOTC01128,a891ae9f07b07093b6db6fa6f9555ad8
2218B_NOTC01129,840f580ee69edaf61219c3bc114ad779
2219A_KLAD02006,afc3249b5c8b20e680c69ac65577b732
2219B_NOTC01130,06f9c5fe8ae8295e0e7cf46d64e11d2e
2220_NOTC00079,3f3f7b490822e91eaee447eb150cd660
2221_NOTC00080,7edf0d0e48691f2f38f1aea8f088b2ba
2222_KLAC02348,48d621d50969262b7ac4dbe1ee2f4e61
2223_NOTC00081,9345fb27009dbace271eeb64b1541dbb
2224_NOTC00082,b55e689cc200832daf1a96308ad9db8c
2225_NOTC00083,9bdf1cbe34b9a80c3385b7ca3aa15373
2226_NOTC00084,f92958b51415cf7031234a8e5dfd597d
2227_NOTC00085,891d696c15d091e8820bddcc295dc316
2228_NOTC00086,297f87c4bfd276e645ace5c2ad8fb052
2229_NOTC00087,bd4609e6b1c7bd8401011cbc586d083c
2230_NOTC00088,d36629370f7b4f0132c17b718ec57e42
2231_NOTC00089,eeae4881a1e2583a6e18edca7df09ba7
2232_KLAD01848,6f6fa1bbebd69e0b939f82f89a3abd36
2233_NOTC00090,6f6b7ecb6cf5f1d8f0bcb518601588bf
2234_NOTC00091,29350cef383725b15aa2848ea63e5195
2235_KLAB08344,74fb785a23673281a962bfaf94da363f
2236_NOTC00092,b616a78d32220edb4682e084528fecf8
2237_KLAB06850,0e9a21df7ef7ea039b3397efcb83a772
2238_NOTC00093,694afceaa83fafceadaa72300c0dbbf5
2239_NOTC00094,0a0b3067fd2fd0f71cdd5f31d9bd5f5a
2240_A31022,d6acc05c4c484bb5b9195beab164a5fd
2241A_KLAC01126,9b5d64025da8dfff961b769e6c15e225
2241B_NOTC01131,7da08e36a2449a39a551c23ffbb74d1e
2242A_NOTC01132,ee4fb50ebe9b8b74cf17b72250dac6a4
2242B_NOTC01133,c2a6dc6ddcdb6bd5c5afc941c304c2a4
2243_A31077,043f5cae14904bff65a82d98ee234619
2244A_A31000,48b7e49daccf1687bfb4bd92685ddaba
2244B_NOTC01134,af5eec3eb9122871a7ac3177591dcdac
2245_A31161,67897a48cb8946d4d1c78af8d328e3b2
2246_NOTC00095,15d953a22f85bdaac86e0fb02149cdc9
2247_NOTC00096,f16c8581ba8a0ca820e938f5d8617983
2248_KLAB08833,14f9b3bb1287eafbda45c809cb16a471
2249A_NOTC01135,9b36b1ce8453f1c3f214c75b9dc7abf6
2249B_KLAB00199,303af9950f62a00db209b80d42483820
2250A_NOTC01136,749f2639920c6babc3dcd9f840401d54
2250B_NOTC01137,7f02eaf35160a5c4bfb2a7398fde2fe5
2251_NOTC00097,ec45e9a195046612dc60d02784cdcda7
2252_KLAB04605,86f7589cec195e1098b2490d0626a483
2253_NOTC00098,ab9b72d88bb1fa6ba893438f3ea5cf22
2254_KLAB08930,bc3539214d2ffce17ec4179b2da94642
2255A_KLAB09613,ccf12ebb5afca860b349e46123599d91
2255B_NOTC01138,b94ab4d718b54bfb9908018290047f30
2256_NOTC00099,27071855ffd3566ecee6f7f5accc07f5
2257_KLAB08759,3ad897055ebc24a66f3e2dc29db3cf48
2258_NOTC00100,f79cdc51044072babfa10ea4bf5d0ddb
2259_KLAB03368,eb984d9db6f6a5315822085c8fc7fd26
2263_NOTD00180,e2c74b1516c08c91ae7b54cef8a28317
2264_NOTD00181,e4cbb1dd195f536e39ba836906b124d4
2265_KLAG00617,e42197afda057356d0c5f08e502e4362
2266_KLAG00618,3844b0e5b80dffcf140b5e4f859ee105
2267_NOTD00182,9022eee3ed84eee57b923607a102acea
2268_KLAB07514,4b36ba7cf903d24b4de215ceaf385d09
2269_A31785,ff4157406b163b8c817c067968def612
2270_NOTD00183,4939d3e0458af0370cc98e3da835b254
2271_KLAB00086,f3525d35232667aa224f9ee8b322013c
2272_NOTD00184,5de53bbea55e883ab42ec31901f111c7
2278_A16097,c4d7cb51c8b6b0f6cd64cdec6e47a323
2279_A20009,99a5f5ae20273097f3cdfa3a38574609
2280_A16099,e6bd7b29ebfdb5749066cb5201612954
2281_NOTD00185,044a485c5380b094ba6f37ff9bae3124
2282_A20713,aee2b97dfedc0c0137809164e3fa0bba
2283_KLAD01654,e127e0abddbd00f5e03c70a8e9aff409
2284_NOTC00101,c3569f4059938f157c098dee8e2e7ca9
2285_NOTD00186,011a42cd0cc14baafac11a405c97e157
2286_NOTD00187,efdcace7d7487739a36773684d897ada
2287_NOTD00188,7f7d6bd9dc900c7f7a8ac8dd00d2414d
2288_NOTD00189,81017917c6dd37207742a938f332c420
2289_KLAB02710,55e3b1ba143f918af8dc1c7b2be54ea0
2290_A24452,87f8bc40e4a9b2704013427eee1042f0
2291_NOTD00190,0aa5217486757726431f1a66e93bfe80
2292_KLAD02772,30eb2462238f2bca84e4e568a9248eaf
2293_NOTD00191,6d5ca64b483135b6efd7d0a116a452fb
2294_NOTD00192,c6ce903696daeb045ce7ba2c79833bd3
2295_NOTD00193,a4031ec49f66d539dec399c5e7db1518
2296_A29075,c85e41ab279f22b1ccb10ba46ea0a250
2297_NOTD00194,53ba1d8a38dc602f4aecd9ee86efbf80
2298_NOTD00195,21326b78cef21c2bf482d637ab3cb325
2299_NOTD00196,1670fc31101e23b37fd2f2679b6c1990
2300_A31799,d0b4f5e53628ea5c174f0f4966bbdd7e
2301_KLAC03415,8ff01da0da3caac6ceda15b950358c82
2302_NOTD00197,d3edf97ee530eb439cf8fef25f0aec5b
2303_NOTD00198,3c170922c6b6c29ad797dd1740c165b0
2304_NOTD00199,4d49996f87b5a1056e678a896355c8a6
2305_A34713,23e887b0fe395ea6abf5ab0189529705
2306_NOTD00200,e3d0a2a7d9c7807196b2b8cefbc55d2a
2307_NOTD00201,4ad1f278802190f5e695dfe6a8b240fd
2308_NOTD00202,ea31515c615fcbbe6aba2362cadd331f
2309_NOTD00203,8ee70e82e7058bcc35eecb171654ae42
2310_NOTD00204,992a9fcc996cc3c173b34c31bf2b837f
2311_NOTD00205,05d10501c30f2c14202b3fe436a50e1e
2312_NOTD00206,f5402504f590eb8624b7094b21f3070a
2313_NOTD00207,c4703c5b88cd441ca4b53f720a827513
2314_NOTD00208,4e375818fde294a9c98373fe1f8f1d54
2315_NOTD00209,35de83d98c83c1b51c81e45cd33a93ac
2316_A29605,6ceea2c9f9f4741c517c1c18167b2b9e
2317_A29656,00b38cd000a516af329bb8f9be5a8bbe
2318_A29123,1f6b4cf0af2dce612bf834dfc43438e7
2319_A34697,bbda7b8d12c7ca15efdd6665145f7623
2320_A34715,1850e298a5be53b7165f52b94110e917
2321_A35194,adc6fe4018bf4297413086e64140d749
2322_A29087,5d722babc964a7d42f281fcaa93a7018
2323_A28593,5f1dc4f38443d7111eecfe0d79b483a0
2324_KLAB08709,6524f9ca7ff8736b911a24c298ec024e
2325_KLAB03356,e2fad3cd2f68c2e971d8ab273cf3e389
2326_KLAB03742,5255c1c695ca598fd034f050aed92a32
2327_NOTD00210,819d930f4cbf1d36e565fcf3db1aab80
2328_NOTD00211,4f7c32d7ecbd20757d3590c501fe5dc6
2329_A34707,7e2c6e6c47e508c9ffa15d7ece5a6963
2330_NOTD00212,9d2a1513bd1e680106ee0a86890247cc
2331_NOTD00213,566f2058fa58d96014696634289dae4f
2332_NOTD00214,2d2ba4e2777af7e1d7d5c2c744f58744
2333_NOTD00215,e928d32d62da4097f842440213c842e6
2334_NOTD00216,c2abf38889755c12014cd1dc78b4208d
2335_NOTD00217,3db6f76cec59bd60bf032a1882b992fe
2336_NOTD00218,048f05ed6a3dbb8a066a960f7263da9e
2337_NOTD00219,21693a7245336d7c2c36ae15c19e9b6a
2338_NOTD00220,7dcd0bdbf76c47765cfc46f10f4a9614
2339_NOTD00221,f109a148f04b65fe2bc3fdb8501a3a5c
2340_NOTD00222,4ed0eca6ebbd390d172f5b1f7668abda
2341_NOTD00223,8df17a7b4a2a2a4616aadb03aa00d0b7
2342_NOTD00224,0e3ea5a5a190b39ba674d0bf0a378bfd
2343_NOTD00225,b7bfcb7e3978de3133e3f34d64fe69b5
2344_NOTD00226,bc47e7b7e0c16b78ce4f769e6e97f993
2345_NOTD00227,61a95fe5d4be094bfcaf6cbb2924a6c1
2346_NOTD00228,a0f009d345446f7d83734c1e7c76c05f
2347_A33516,f60516b7d0397c8bde1e9c86d722a0e4
2348_NOTD00229,ef5919331421631a8cb48c3482e81718
2349_NOTD00230,54f2d24b077943f4114da15f41f2023c
2350_NOTD00231,21c16ae536dda7610ce50b7bff9e4f92
2351_NOTD00232,f77ad65b33f95d60c4eeaae58bf39f1c
2352_NOTD00233,132b3bae3e0ce2b750e8cbf429497017
2353_NOTD00234,747d72189d5756033945d2e0d1fdafe3
2354_NOTC00102,08454301c5f97e5b92fce5212797cff8
2355_NOTD00235,c0873670d533e04ad35ef94d94c98883
2356_KLAB07937,d3d1e7ad9bf3bfd9619794d7d5305889
2357_NOTD00236,0873f88ea437559e20e93213dd6e45f3
2358_KLAB08993,aa7a92022853b0cd43ee50f34ba413b8
2359_KLAB02344,9ef6021a0066062dcc06a287ad2193fa
2360_NOTD00237,be7d1a53ec542b74ae621afb6f7a60e8
2361_NOTD00238,05753c7883a514c672b177edf2160f9f
2362_NOTD00239,39f6049d1709be57c352abe28f0fae2a
2363_A32568,2a395b28a26bcdb8d1fb4518df37f84d
2364_A31967,755821ea302ff0bedb98080c8275d6ea
2365_A29385,6582fbc17d1716b55d9334a3d734a220
2366_NOTD00240,f1d113a4508a97f70736cab9433a247f
2367_A31919,f7ece2077ff177032aacf74a9318540c
2368_NOTD00241,de6efc510998ccb0a15601b6e643d4d5
2369_NOTD00242,0ede6113f22474c8dd866dcb881c4218
2370_NOTD00243,deb590eb3bb5bd6b9d055e7905f5bd7c
2371_NOTD00244,cff8977c8348a1383928328ff8a01056
2372_NOTD00245,a17b414658f0c61d0cfa4941977f0146
2373_NOTD00246,9d4bf5136b7524e33f44f05ba5d5a289
2374_A23382,f4ce994bdfac9d6b339b5d288c92c02a
2375_NOTD00247,151e4978dbc1e8701f16025f0dd6adc1
2376_NOTD00248,b019f8fab0d12aca286b6ac5c8749550
2377_NOTD00249,08aa4f53ce850087d68cf1a1a907b3de
2378_A32533,cfe3fe82bfe5c51abec0598bb93c4a38
2379_A29347,e34c5ed52fe7ff82b65cfd13d3dd5e52
2380_KLAB06717,601f30b4ad2e774f8c38691666e54122
2381_KLAL07785,87971a15d7662ab4e2995b4debf2d12a
2382_A34709,731593dbbc85a0e16b537d832fabd77c
2383_NOTD00251,241ec686e719d1f3905e0a722dd8407b
2384_NOTD00252,81012c902e730345845d7d9df744ccc3
2385_NOTD00253,4e0c562602b64858bbe2f2e26dfcfd5e
2386_NOTD00254,a4a27410ae4d2a2f26963155b79963d4
2387_NOTD00255,d0cca011759822d4e96bea8922134d45
2388_NOTD00256,c7ac960159596758a06700310a5ffa8d
2389_NOTD00257,b0da51ba2cb7f590990f1ab9fff2e05b
2390_NOTD00258,d9e32543ac0c048313bd8c548896d1b9
2391_NOTD00259,ce6295be345cc46dc7985bea1254a208
2392_NOTD00260,e6883d4f427b4673a7948ea74137a87e
2393_NOTD00261,85e943a6c37de1a576f3540c6687900f
2394_NOTD00262,e76fe0a9bcfb734b17b84ea965957029
2395_NOTD00263,30e36a08c3f4ce9a0f9ffe10b0e7adc2
2396_NOTD00264,0c6a0daa6c581d53c942c9474a65c63c
2397_NOTD00265,54a865cdc0fd048a14deb5c8a239cd48
2398_A29600,dad1e192484e035d71faadcd240ab62d
2399_NOTG00007,ef2cfe664423c79c9d0f6e8bc7064066
2400_NOTG00008,d71511e164f869f14668f2418c91ee23
2401_NOTG00009,3bf1a4ca422b1599cbd7b170e2fca22e
2402_A16096,08fff45b508d8611543a10fe760c5e7f
2403_NOTD00266,6ef63ca9e7afbe9a762ac2e658f52937
2404_NOTD00267,4c7eb397342378674a5b35c365f06d06
2405_NOTD00268,1fce3ffb58da87e8fd06afd7bebf6900
2406_NOTD00269,e17d4096954d8482c25e80e4289edfaa
2407_NOTD00270,c4a16bacb62153a5d4c9e90463e0108d
2408_A16098,9e3d698b084d8274195ae39238a234f3
2409_A27338,08864167c56e6b944d751fdf39782a53
2410_A27318,8f04791d09b06a80d2e378277aba94fc
2413_KLAB06742,99324972bdb9c88961a146e50be64f68
2414_A33443,834e4d7648f9497cf1824198918f5486
2415_NOTD00271,d08acb51acfc869d5be9600d8740823f
2416_NOTD00272,457233d401112e3ea6f9893276fc2bd1
2417_NOTD00273,8f828bab728338b2a9c1bbfe7a59d4b6
2418_NOTD00274,59e12cfa911ea42e9f57493b73b1c307
2419_NOTD00275,e742f46192627fedbabdb997798c66f3
2411A_NOTC01139,cda2ba364daa752edc48ce6f79e4cb1e
2411B_NOTC01140,4e1ccb44ba606016a316c72870f273b2
2412A_A31971,108ebe159cb806135c34a3c9ac542420
2412B_A34977,0e59cb8bf3a2a5d4255c1813b8ce2c81
3027_NOTI00199,c774d572e480485b6e4625a81b76deec
3028_NOTI00200,859a9e6c04cf07a66662a7bfdb0eaf4d
3164_A27328,1f053f0e2cad190bb2540c6cde1e4c8a
3492_KLAD02782,bef8c4c71c255ac17f4cf57f6e2e6687
3493A_NOTC01172,f6d9ae5281417d8cfcaa6f0763254e81
3493B_NOTC01173,edfc9ce8a3ec8c0c4c9e01dc570f25ba
3494A_NOTC01174,80e6380d8808338c4425eb74240a81d6
3494B_NOTC01175,6e6e3d08ad0fd22d6764a3b4507efa24
3495_NOTC00127,5927bd7d963f8c1c4f77421be8e54f02
3496_NOTC00128,f8dbacd5c69437269a629555a4320c8d
3497_NOTC00129,c22044df868a24af46aa5d34b412d115
3498_NOTC00130,370bd26b2559652d5abac170549650fc
3499_NOTC00131,7fecf6b07b53bf71b57f7ee2e923c359
3500_NOTC00132,480355957bd7e9967f5625b930b60e81
3501_NOTC00133,2998002966a2c86b88c4976fafd574c0
3502_KLAB06068,6ee45468096544d8de3e3f6dddddbca5
3503_NOTC00134,0f874fa35aa56c727921de5c1256a8a8
3504_NOTC00135,7f72e0f58f30682cdf1c2ebf5430b0bd
3506_NOTC00137,32a766001a6a92100dfa77975a5aa653
3507_NOTG00213,cb79159f99df78c6079edae8f264ac54
3508_NOTG00214,2f55660f12cfa9791e29ad895a4248b4
3509_NOTG00215,c17b8db1199e7f10edee6cad156b00e6
3505_NOTC00136,1ae17b355edfa1127f761ad471f5c78c
3603_KLAB00114,ce31e4cb6125665e14179268a7b76842
4074_KLAB09735,a5bca663c5b64aea3e782b6424d7cb77
4075_NOTA00185,3aa4d7fbc2ec60e803ef6cc5bf957dec
4076_KLAB08543,2e79896bdb2a65057b38f2cda392eda3
4077_NOTA00186,59292b9ef226016a7da575ff443c446a
4078_NOTA00187,32c503b3132abfa774e38d93f0179456
4079_NOTA00188,47e907902effe3c2cdc1b77863f5e0e8
4080_NOTA00189,ce34570d19c60237dc6c44ca4b51cc70
4081_NOTA00190,513aa68fe106137c7bb5e656cf208f4f
4082_NOTA00191,502714a8a17af6096a399971a2662834
4083_A34485,21ef3018b345be25b0c4215ec53f1c95
4084_NOTA00192,e4e4dfa4a8b9eeacc8b502b0ec3452c0
4085_NOTA00193,f705a5d22bdc7ceaaa01bb552cf23419
4086_NOTA00194,480ccc05349cd231a85ed6879eafa9cb
4087_NOTA00195,a758a936db574693c4e03891a75a45a1
4088_KLAB09783,e2fda341826021e5ea095295b76eb0be
4089_NOTA00196,a6f8095e9e36aef54a67325b47401158
4090_NOTA00197,282654cf394d35b53a19e52817385ea5
4092_NOTA00200,697931d05d1395793438dff24df9c157
4093_NOTA00201,62207c2223eeb99ab4c6dc905d7c2f84
4094_NOTA00202,b7b81d0e58b7421313e7e980723b5a3a
4095_NOTA00203,afe989ff273588274aae6f216dc77287
4096_NOTA00204,bff8b1672baf8689c113cafa4c100a51
4097_NOTA00205,10fbb08324d140cc5de95188ef1809c8
4098_NOTA00206,34d42a82b53ac0b97206491c60810f5a
4099_NOTA00207,c6ba635b3dcf215791247540e30c78dd
4104_A25517,70356f4cec520eea3b575b721d7ccc8c
4107_NOTA00217,b022bc804c0616742f42f5fa727aa764
4108_NOTA00218,2e7cd8a5d7fde15b0b6f74ea4d543e84
4109_A27081,5cc9126d93dad1aab558908aeadc90d8
4113_NOTA00222,65d844f4db0f6387e2e6b22cb1062c49
4114_A25579,06da7c86083f024f190c34706506983c
4115_NOTA00223,f8414691f46987cf7feb8617a0ac4af1
4116_A25524,97759cddca0cf1f17ad9a2e918705e63
4117_KLAB01200,1f6ef44c9c99379e82c8447fa0234591
4118_KLAB01196,5153a47cae7a8b9413fb78c43b6ae723
4119_NOTA00224,284e3e1b10523f1f67e9e6f98bab48cc
4120_NOTA00225,801c97dd06bfb942b74e1a9d7dc563bf
4121_NOTA00226,b0950474274f0c91def82a4295f035dd
4122_KLAB07550,a578ec5230c18d5e00014a3051a0105f
4123_A25555,bb6a8d2545ea36782ddec86202d80c9b
4124_A25559,2ddded74638328f340ff2f1e4ab4f2bf
4125_NOTA00227,ef29f541d49a20921aac1ad8ae69b07d
4126_NOTA00228,cd5857b361959d84d30bd3e49f316f54
4127_NOTA00229,2ac96a2b789bd136f772a488c71728fb
4128_NOTA00230,083b845ab7dd9f2c0ecd90359dc39fc6
4129_NOTA00231,d19b7cba267619f762e6a392b94d22ea
4130_KLAB07553,4b64d247e5bd233c9b8662ddfb8f6437
4131_A24996,6136b5a2d623ecdbdfd3a8e30d6574ba
4132_NOTA00232,e52fd9ad81477fc0e78205dbb011a787
4133_NOTA00233,cce9a54bc0577c23fab6b732e409bd6c
4134_KLAB04631,958063d89811815f8b4f742f60bac39e
4135_NOTA00234,1c7378d380ad5a55036ebef8767c49da
4136_A33519,07805b9a7b1a78d9e04fb67ce8246034
4137_NOTA00235,45b246ef629a22c6faa235f164a596a6
4138_NOTA00236,dd19136ed1711dd1dc7b57bf43fd8aa1
4139_NOTA00237,48a0e137dc0905c0bb04470243bb4943
4140_NOTA00238,4c97a85a835a9306819084e7877e5496
4141_NOTA00239,bee7b97dbb1dedf46a3772f45a9408f1
4142_NOTA00240,f42b708ee49fcdeb42944be156c2ed91
4143_NOTA00241,d226d14502824f1c4892220f32fd0196
4145_NOTA00244,87025bd481b01eb4930c2ac8af4286c0
4146_NOTA00245,f8697ecf66eaa2bdf7c50e53c1c6c890
4147_NOTA00246,a203d6550a1740bc8abe6c43aa368bee
4148_NOTA00247,32d7e345db8a05c8af1ad56fac32ae41
4149_NOTA00248,cbcbc5dab1c0dd83c0b3957138d376ad
4150_NOTA00249,a268c49fa9855a809ec32837d97dde33
4151_NOTA00250,326431ef91c0e3abdcfc6d40dea450fe
4153_NOTA00253,ebae61b3b5d840b2c81ecf7a6d7ba8e4
4154_NOTA00254,35c355696620e1d19f990dcc04362a88
4155_NOTA00255,314515177061962b9cc5dda47990f2c2
4156_NOTA00256,0b6101f9f35f5a9fd2ccf64196258f9c
4157_NOTA00257,8250e4e64dd7daf3d2bc8055e88b7d46
4158_NOTA00258,bb5672dada48df1516660b95d99d7d1d
4159_NOTA00259,3874f12c50f0716a5762c4ef8f011f1d
4160_NOTA00260,b0966c4f565bcb7954681af21a449002
4161_NOTA00261,8cb98c1d306570dea0e3df89cfc39478
4162_NOTA00262,ec76c7ac199299c459eee63f34653d11
4163_NOTA00263,3531c50c8b38f9481bd2de43d1f35984
4164_NOTA00264,fdbf69086dcc64f767985054b4bb07ca
4165_KLAB09785,9d3198961994a9ae8807dc2ea51db812
4167_A25538,26e96a6c5cb5bcd99420b0075d40fb27
4168_NOTA00266,c94f81d063b8b53904cbd04a4f235976
4169_NOTA00267,6f0c250a8c8b02e9121bdd5b5583f1be
4170_NOTA00268,45ccdfa6aa613171d376b4200c3aa677
4173_NOTA00272,55d4f6d69e8f47d7fe091d4c6007edc9
4174_NOTA00273,198697c9537b597a18884b4a84dfa6cf
4175_KLAB07571,9f7945f1175c416fb034058a29a51072
4176_A25411,a2f8a5527702f523ab0c5b05bf596db1
4177_NOTA00274,e49099703ebd4c04c26b377298ef3538
4178_KLAB08227,692334fd2067c5624538318a6c3b415b
4179_KLAB08217,b28573b1916b8fd174a9fb938bb762cc
4180_NOTA00275,21fd4764b066f3d3ad80e86d8666566e
4183_A34466,457edc07f42a11cff5f7c58071a6d76b
4184_KLAB04850,7f24af31d00e12c997b0fbad3e55b964
4185_NOTA00279,bedd19539b2c93ca3aa79adbdf9b3e56
4188_KLAB09725,e87c32a22ac652ccaccf1ef44661675b
4189_KLAB07933,de786b8f237b1cfaf866db59a4a92629
4190_KLAB09132,695069fe70a5c595a0a8a3ce41b1d088
4191_KLAB09140,464e5fce1866666ad95266472fbf59e4
4192_KLAC00868,d60e83a797364d0ce00357ab91d417c2
4193_KLAC00921,de5840b66373dabf6cd1a6331599d58a
4194_A26006,1c0c9bec485d6a536e89cc7bef9732f3
4196_KLAB09054,3c37b53a7f14448bf80f42332ff46044
4197_A26068,1ebeeab9fe8ca1d1cd342d19981c92c5
4198_KLAB09111,67beb242226fdf1f0ca7c15ecca6e440
4199_KLAB09078,e06a0f41b4594e25f0d1ac58758bb3ab
4200_A35438,a04fd174e1558002db53ab3edfeedc31
4201_KLAB09249,365f1b9dc1719dbc795d68423d9b51b0
4202_KLAB09265,8ea30b6d48e3ab92400f69f42da49799
4203_NOTA00285,bddcf5f1c11a87a23700fd8206dbab03
4204_NOTA00286,f490f2d6310ef3e3a71e7584198d0fe1
4205_NOTA00287,53989faccfdf8cad605438c7d7ed6755
4206_KLAD00283,77e2d1689be9cd5349179fc19b27c9dc
4207_NOTA00288,f3727fc5bdd3905af23aeb7bbd614f06
4208_KLAD00194,3a5990e013c177ee702ac38c4347fcf0
4209_NOTA00289,c6ed684518ce2e7b782af1d0b6bd8564
4210_NOTA00290,a505aa0e608cd5c41e2f1e05ecaf6c16
4211_A26270,7dca700e2fc5f1ea1cc45557ffc06b05
4212_KLAB05848,0c13b8de0d5b27cdc6a874e90fdd2b58
4213_KLAB05936,89e6de106b8e575722d8ddbb6a8e4875
4214_NOTA00291,68f0c572b07c86a917405be5235f8ed3
4217_NOTA00296,a89feab4ab94426af2841283a6f540e7
4219_NOTA00299,9d0886844701f9ec5b05aee955f582e8
4220_NOTA00300,702211cdf094640a19bfa8845fdd7b2c
4221_NOTA00301,d7dca62255c4a0f50a0bed12e5852c03
4222_NOTA00302,8f9963510974d1f39ae8412126acaff1
4225_NOTA00307,e483ab7d700c2b7f551ce5a3124f45f7
4226_NOTA00308,772aeab55a118b391e5284f18c6c9a5f
4227_NOTA00309,5d57089fc0c2cb4a949d34e0328a2c8d
4228_NOTA00310,9b00a625e16caf0154dc06b012cd4411
4229_NOTA00311,a25322a82ac391153c893d2282c2e20c
4230_NOTA00312,1c62d25ca2c82bad05852f9cf6174413
4231_KLAB06435,02227aaf75a4ac0f4b4fa3cdaa48c190
4232_NOTA00313,a44f6f7784dcea88e7fde334457f559b
4233_NOTA00314,9c6c326a358c695942d51141727f1e39
4234_NOTA00315,0351bfb15338b016009507163aafdd33
4235_NOTA00316,10c975663220b9460bee404162e22f3b
4236_KLAB03580,dedf1d3030a2a5460603eaf776f9213e
4237_NOTA00317,024116633fe145ff510ea9f9fe4bc6b4
4238_NOTA00318,f824c19d0d1648f07c2fbe6ef4bda8aa
4239_NOTA00319,ee4d2d6e54f867fad11d77791391df24
4240_KLAB07075,ba6a28b0e565d035ad7f007b8efcd432
4241_NOTA00320,f644ce0c7c86a9c411dd42318d7c5faf
4242_NOTA00321,3e84f66e69c9ffa22de8fae48f7ce388
4243_NOTA00322,7c9c63f5921b755a3ff6e21d43c606e3
4244_NOTA00323,88c7773d6ca0175688b2cec14ec5447d
4245_KLAC01074,506698899c505c9334b3faa2f0fa4072
4246_A34428,4ed2f70c7b1fe84a22de80a8ea100fac
4247_KLAB03728,91b5ebed1407d33fd730c56249bc635f
4248_KLAB03730,7cd1635585c909c55ca259b4c37d6675
4249_A35005,c4310db902814fed443885867ec5dd3c
4250_KLAB03436,856c9e63a460b060c471e62c8702362e
4251_NOTA00324,54d07adf4940432d2f07ccf931c6bd77
4252_A35011,f7cc19315d978bb69fbca0a772dd800e
4255_NOTA00326,b46866cb60d6b397d19eb50f0eaad873
4256_KLAL06407,f8b76be222adda5eb6fbb1ec41c1acfa
4257_KLAB09642,0a5ec24d761203dd55e9616580e8c35f
4258_NOTA00327,eb1676be3dec9a9638fd86b2e624d7bc
4259_A27948,b27cf8dd47e5e78e0e325e0230e65d6d
4260_KLAB07103,d5d59b78c578b2e7c85cef4b6e738fe5
4261_NOTD02651,8bd0bc031498bd55ebb8e801ca3008da
4262_NOTD02652,261ae6cd530ee3eb361716145a1a24b0
4263_A34427,73c1610de629ec2babf02f37f0ef26bb
4264_A34448,07862cfc4939b1da6d89d3d981ca0df7
4265_NOTD02653,aa4c01a51c88f4706a6c1fb14a03ce83
4266_NOTD02654,2a035ecf5a55023317a0e1c9a9ffe4f4
4267_NOTD02655,0ce46f5c4a37b2c80381e558edcceb21
4268_NOTD02656,dc1dc2a1de1219411f08198364f0d3c5
4269_NOTD02657,3234a143ea091b65558ff6ba5865f5cd
4270_NOTD02658,d09ae19450621637a7050b972f3f5e70
4271_NOTD02659,63fbc748c37fbf59e39c49a9c026c2f3
4272_KLAB09801,4eaee70f03ab1ea3694732f8c9dbb3c4
4273_KLAB09768,ca51ece5a9d2f97d6d7a82b27b027b6c
4274_NOTD02660,6e06ee7e6c792dcc10a1b6a19bc3992b
4275_NOTD02661,81975993b383d2ded7d29cbd8831f0e7
4276_NOTD02662,93e0950b097f46d986badc7cb9e2f670
4277_A34452,93685285d06b6e88046ee706830ecabc
4278_NOTD02663,aca2d66e1e93b5f9c1aab8500b25fdd6
4073A_NOTA00183,0dc01b92bb1a8a93fc5daa7075daf97e
4073B_NOTA00184,4cbb5b4cfb4c09eabec590f429eb6413
4091A_NOTA00198,4eea55c25debf9b3a617dce782fbb158
4091B_NOTA00199,264e52c93620c961ffd7e6421b2498e9
4144A_NOTA00243,1027054589ff4bead244512193b01c24
4144B_NOTA00242,2a7db129eb4c9081d9f083598b27be2a
4152A_NOTA00252,86d73dd74b858a033df55fb193c6aaf5
4152B_NOTA00251,a29ec976911a99cb8cde692d72b4d39f
4166A_NOTA00265,1ea267c47b3992a38091d4b8c120d7e7
4166B_A25532,d121ae80418339eafa8f7128cfc921da
4171A_NOTA00269,388b8e2cf15b052795aa03d2b3cfb90d
4171B_NOTA00270,fdbfa0f62e6297902f474b5beefef49c
4172A_A34461,74dd978e26119e8d92eb5a695259f307
4172B_NOTA00271,65768fe264c2527667fec077b98d7403
4181A_NOTA00277,bb4c5d4029eb1d1fea98b9499fbcf099
4181B_NOTA00276,4eaeb44b9eb9c02ccb476afb69b3d0e5
4182A_KLAB09727,9564379415ff39bd975acb8b380b932d
4182B_NOTA00278,ae22fc2bdc9ccb1f8ee3e6afd891ecf8
4186A_NOTA00281,e52b28865c68f40bbcf2c6c4cba475f8
4186B_NOTA00280,14c42ff67fb6f9cd247af9991e36786a
4187A_NOTA00283,07d4610d2de8ff4a1f79f027a0b12645
4187B_NOTA00282,18cb06eb78592805d1dd06ca617b2fd0
4195A_NOTA00284,581b62cc8ae72359dd3aa7665dc6477f
4195B_KLAB09105,e423d06419f690a5583e273d2432c956
4215A_NOTA00292,985069169bc791e992161acfe2661166
4215B_NOTA00293,f85093496e8495a820df507319623502
4216A_NOTA00294,cb7579b1c18fca70e4e5d479914508f4
4216B_NOTA00295,f165093bb680f689758eb538174be677
4218A_NOTA00298,5cb468e05f8a32d0c17c951d9838ff70
4218B_NOTA00297,81663e877f05f8a549b7d0e80714bc21
4223A_NOTA00304,29ec002a862a25bfa48da0356a2c1718
4223B_NOTA00303,43324347813ada3d5d30534076c1bba7
4224A_NOTA00305,b190601b9c7263dc62841330bb4ab96c
4224B_NOTA00306,949c3c5cf5399aeb0c5ebe9651c5f435
4253A_NOTA00325,0779d0fe2af197ac93956eab47b07690
4253B_KLAB05919,9e8ad23fd79c3994765f77fbd1cddcaa
4254A_A25174,60533c0c6c19e9f39bdb768dd9f1212d
4254B_A25145,5975948d682cf5eba8659fa9534ad7c7
4734_NOTI00428,ba82cc9b206f97c2d854e88be64834a7
4735_NOTI00429,4f7cfc2c1d6a5b0210d28e2cb0b49f76
4736_NOTI00430,54084aa441a36ecc3c2c29f9b5c0fbb1
4737_NOTI00431,58197fe2e5f9e079660e49ee5e1c1423
4738_NOTI00432,ffb365bb045ba1d75a442d4cb496dc9f
4739_NOTI00433,5890f3cec30c1b1c590f35017100b0b9
4740_KLAD02983,48f30532bcae45554b50980ff649a20f
4741_KLAG02227,11e6440514ecb02e84b70f6d8956ec78
4742_A25709,b00d09d8339d46abad23bf530cbd2618
4743_NOTI00434,7625bac1147f47d752cb234924434315
4744_NOTI00435,50afce04272bf5e8f77fb88b32a50d6f
4745_NOTI00436,baa988688e2915d7f65d515dbf6f3091
4746_NOTI00437,1c63bd283e9516a7a160d378e3dfe64e
4747_NOTI00438,ab25b9204cd30b9355fb6be8690b1cbe
4748_KLAF00886,9671ccafa010297d158158254dacd239
4749_NOTI00439,8c2eca03eabab4d3a55e198bab8a5fd6
4750_NOTI00440,0d66068f602f00a186accd4dfbb69ed2
4751_NOTI00441,9746e3258a35bf2d41ea9cc155db8fc7
4752_KLAF01390,86f6675d036a057a4a63218e8f0a9966
4753_NOTI00442,44eb29210e8ef23ce2d30069dfd2dc21
4754_NOTI00443,a96545f5a6bed71ead8d7df80f8bf6d4
4755_NOTI00444,7e93242a4da3f5c24a641a6f3d899752
4756_NOTI00445,ca57acfd70ab5f8a2852f7d9c7c81f51
4757_NOTI00446,736e32c64ba7d5da60a33eefc55813a0
4758_NOTI00447,a02d46585e342eb2bd5abd8a95596014
4759_NOTI00448,138e270f6e4e383c6997eddf4b5fc3ad
4760_NOTI00449,aeaa7b027c2f4e6e8a3ee243aab4d358
4761_NOTI00450,782270ec5f078075250de014fb6dde38
4762_NOTI00451,104ddea5e0f3f480a652dfd606400658
4763_NOTI00452,b523b856c7190d5477db2915d183283c
4764_KLAG00036,9d267190cad3fb3f33111f3eef5a34ed
5301_NOTD02572,c661815f1379af590a58bb50898a060a
6924_KLAB05138,5328579ea06a431b0ceeec55408ab333
6972_NOTI00684,1b75ba56a099e64d2facb5eba4d7febb
7002_NOTI00710,288b614384f355cba20d829c4256cd01
8068_KLAC01602,824bfaa988e0b7dd1e4d0c01351ccd0d
8069_KLAB08812,9f387dc44bcc53b37cc7103c7b474224
8304A_VBPD00001,6c0e0d0b8b965aedd293193ac03ae1c1
8304B_VBPD00002,5d46bb95c904e5464b43f38d935bc1e2
8305A_VBPD00003,240c12d15250dc75c5f5da109ba0eeb6
8305B_VBPD00004,127534b9a1109d57179d28906f2da66b
8306A_VBPD00005,2bac13d5e2e27cbfb4437c8a577d460d
8306B_VBPD00006,31b68041dc202a2b0e26a57a40547ff6
8307A_VBPD00007,7be853deb5ec821c8cd028e1e3256f47
8307B_VBPD00008,99e35cc52b73daa9123762e201def4e1
8307C_VBPD00009,6309d03558484cf3233e7df274263fb0
8308A_VBPD00010,5bf503268a2cefecd5ddc139ede2c07d
8308B_VBPD00011,0827f4dac215586fed14bc1afa9f588a
8797_KLAG05844,d683dc4bc21c67caf21f996a2dc2a773
10021_NOTA00961,9b93aa3f6bd27b5823abaef2f3ebf3c5
10022_NOTA00962,70da00360912fd4c3e6556dac608e050
10023_A32476,b7c8174a4a269bda1cf5d8f045636a96
10024_KLAC00886,4969a5c9c1f35676e2a93302136593b3
10025_NOTA00963,81e6f83a43ec08b496128da38fc3e1e9
10026_NOTA00964,1070d011245034810f938a8ed1201451
10027_NOTA00965,6cddb72067918b48647c5fbf7dd7e1a2
10028_NOTA00966,562d61dead0096f262fe1913f13d8d4f
10029_NOTA00967,d96ada56371f21a0ea5d4eb55a8cf171
10030_NOTA00968,a09d113885fb585a2edff5b67c415eef
10031_NOTA00969,7df51faca63628e48f121e4ef5d48852
10032_NOTA00970,d476ada5149df2bdbb310f8c4c8090dc
10033_NOTA00971,129418bd9e419539e3def6cb2270f268
10034_NOTA00972,9b423ffbf8e3f0ee8d5ffde309ffe111
10035_NOTA00973,ff43650fed58ba80c88dee9da762a3b2
10036_NOTA00974,a18988301f4bca09635fdc01916ef6db
10037_NOTA00975,41bb65a9180912e6e861fae0f6f2cbff
10038_NOTA00976,b89dd75a0bcd6453171d741721414116
10039_NOTA00977,ad4850681b2709b45525d7f834818899
10040_NOTA00978,4a70f0ec27a6683d34614aee8b89349b
10041_NOTA00979,1745c712d1d506fe95bc285e2fd57628
10042_NOTA00980,a4b7969ac46a9f5c34f7105e2dc13720
10043_KLAB06641,99a059db6821b7495def3219cc5b60be
10044_KLAB02683,5c616cb3a4a076f18c014fbfa05ba117
10045_NOTA00981,88363411d2c5f5157ac625f856b3e4a1
10046_NOTA00982,b16635d6e3326c778169a2e41e652a25
10047_NOTA00983,054725d62d137dffd727f0b4c7e55ced
10048_NOTA00984,dc83a67f45efddfd74482bdd8f70a184
10049_NOTA00985,61022c7480e0d829ab94c97c6a0d1fe6
10050_NOTA00986,d53362c0f52618be2fcc910d4d8db296
10051_NOTA00987,823924ac2d7cb509102b432c2f9eaae9
10052_NOTA00988,1c7e0d096ab5846974d640e1c6d66f98
10053_NOTA00989,63e1a3d6d334bcc8c0c44f3eb546fd00
10054_NOTA00990,d83e2f436220ef3354c79b99523e9934
10055_NOTA00991,c3de0ea445a374ffeab31fa6a25c580d
10056_NOTA00992,c0bb43f8dcf3df59a5017f37c4dbc73f
10057_NOTA00993,d51b0a8a2faa3107011589b9adae6a89
10058_NOTA00994,30c2b4ce7b23bc68f29a537e75270da5
10059_NOTA00995,e47cb9784718ae8aa79fe9451597702e
10060_NOTA00996,96441a8f2e2ae6e2c098298fca2b417f
10061_NOTA00997,0d053101151425a3e6ea3e1691705e8b
10062_NOTA00998,c5b375597131466fb3ac63ee8a1c9afa
10063_NOTA00999,7de4ae7e5602f6ea58762c652cf85cc3
10064_NOTA01000,ef13479703d78b7fb0c2a67e2dfab539
10065_KLAB07283,f2841efa02c06e57a2305659a2d03bb4
10066_NOTA01001,430f0dd8d50eb664c75e6c8d11f1c8ee
10067_NOTA01002,16e1bf9e52816bdbba9286ccf24c5b67
10298_NOTA01003,2dbd01f06fde45e50b320255bf40ad47
10299_NOTA01004,aa86f35b5e353c2841f92230011e83ad
10400_NOTA01099,c119a587448e58a2fa9679c186549975
10661_NOTD03040,8338952d271f11dea3b042d757157053
11925_KLAB05733,5d5fed85ee5de2bf45bc2bb84b19d553
11885_KLAB05372,e6f833dcc332ec2be1c68fb0529654d2
11886_KLAB05356,1b069212728c24024879efe02e66bde5
11887_KLAB05385,f02e42bc57cc3b99d4054677da32abc6
11888_KLAB05368,e87d70c7812b0be609d055007b750c14
11889_KLAB05459,f19e3ff043deb5f6563bed099fbfb60b
11890_KLAB05439,833596fe618247dd984e2c316dbc04d6
11891_KLAB05426,e3a8829f80d2ac0ced4d8c03c1c3f0d6
11892_KLAB05453,6c2a5512833560d64e731d878143c4fb
11893_KLAB05410,fe8eaf3da5a75f2e5b840d13f1d25d5d
11894_KLAB05414,522136203d261f2e22a8a0a72000bac3
11895_KLAB05405,3ca787c69e94216aadd08cf44babed5c
11896_KLAB05417,ede34c88ac72ccdf0f6639aaf27a6dc5
11897_KLAB05428,6cd79d90723f11601a1d0b993857469a
11898_KLAB05443,aac98ef5045245bd974b86502afad6b1
11899_KLAB05532,c863c962e0a7e080a343210be6a19d83
11900_KLAB05523,d270697e897d635db7e8569e2b6c899f
11901_A27120,219888ca31f6d04cb927419fa20b308e
11902_KLAB05517,5fa4d07f7150b76deda5a8e9ad869b69
11903_KLAB05521,3505d7c3af3eb6ee049f9f3601c08e35
11904_KLAB05552,cff8905609e1b4c03a66b3c6e401e817
11905_KLAB05559,b2edd64b9530c14c0f631ed1e26de9ae
11906_KLAB05516,694321609f58fff4488adb304de34c7e
11907_KLAB05529,b9f3d952a8e96c183334e38794a0b5c0
11908_KLAB05596,7b82a300d43d3de939f0aad142f74e52
11909_KLAB05631,6d739dc8b5534a670e93b1f8678c83e0
11910_KLAB05289,7f83e244eb2340e8cd81132e76cec838
11911_KLAB05645,d2136e5444bd895feec5bdcfa9b0f27a
11912_KLAB05664,ead79499fe0e4aba126c2a17018bb545
11913_KLAB05640,c6d4a8f07a9311bc3c62f0476aa78bc9
11914_KLAB05652,44e5be83fd27cc179d993968d9acdd63
11915_KLAB05657,79c371f510a563a2bd24272f87fc7201
11916_KLAB05650,e330967c4b27a28d2bc746d79e782be7
11917_KLAB05616,f69b63631aad0b4e2fdc5ab7103c41be
11918_KLAB05633,ad1a3401f029001a0cd1084a5c5c54d1
11919_KLAB05698,67e16ba467f523bfd74c91506ee7bab9
11920_KLAB05777,da9c4d24c7d891f88818ec1cbc26d049
11921_KLAB05696,a51bee858ca81ff8e4616b9457ecf929
11922_KLAB05709,92c3e8ee77963cbddf3f0a6955e049cb
11923_KLAB05718,8123a85dc94c9f7d476e59831a8d4abf
11924_KLAB05776,dac364e3a51f1230e334be7a5eafcb04
11926_KLAB05747,b7a0c8350f6783acf42fc33cd3ebb8e5
11927_KLAB05727,00899b1d855498f3a0379bac7021fa12
11928_KLAB05756,f084a27e9512f731404f28d7d941f7b3
11929_KLAB05845,bc1c232eded58ef8318ab41e2f5d2f30
11930_KLAB05899,a35b5c5cd3ec97e7c0c15bfb6479b786
11931_KLAB05945,3d7d3cf6bf146ced423017ae17b479f0
11932_KLAB05878,8538730af35d41b0aec57f00db5532c0
11933_KLAB05935,197fde3ca83f7cdc27127bc0e8582f73
11934_KLAB05869,c36276207a41b2e1e428d676331b6028
11935_KLAB05923,73fca65dd1e3df1e840ec8efdb2f59b8
11936_KLAB05863,3115e9b6e619a2dff9c2ca02396f65a0
11937_KLAB05867,9e3cd91b78fb1a03f86f38c19abb0488
11938_KLAB05912,8b6d2be1308a82b7cd55c2490df5d97d
11939_KLAB05829,d1e7e80142763b121cf1f6c2d971df57
11940_KLAB05940,99a579435d00e723123e581b9d079250
11941_KLAB05933,967072539d2ca9d3ff2070b04f0f7e61
11942_KLAB05904,40d6fd5fbc1db73ba476eef94f6d3516
11943_KLAB05857,8ec4822053e07ddeca78025750fca6f6
11944_KLAB06162,467c7c14c0e053d389e6d5e73cf8e615
11945_KLAB06150,0aa92f5cb043d959a3e4cb9a8bfef783
11946_KLAB06180,0535e5cee9adde34ed22e366fb1f008f
11947_KLAB06161,c85492cc790d60217c23bc0ec318f70a
11948_KLAB06151,326f8b2264a8542dc23b00280ffddb95
11949_A26619,bae9b06d3eea9e38b6aedc4bb3e8e41c
11950_KLAB06179,49bdd21824a684b2f7205985cc0f6a91
11951_KLAB06190,e91d60bbdb353e99ec0e159974162e97
11952_KLAB06160,c8be0c36109a2d7db17bc115e2c98119
11953_KLAB06159,e569abd13c03c75d952b447d2c206f6b
11954_KLAB06144,b307b0df995c3e516b61b3c0e6f35367
11955_KLAB06472,c28525db639022da745c746f62187ea9
11956_KLAB06473,80a6af93ca68c9d27044f6deff305584
11957_KLAB06471,8887436c32dbd7a397cc98d88dec035a
11958_KLAB06470,1103f2ca19b4d7e1b076c0cd8613af52
11959_KLAB06469,ed6b8d1149014db2988f3cf59f2e8405
11960_KLAB06468,5b32b6dd8549c119bc725d77d273a853
11961_KLAB06467,73644354cb3538afda7f526b8d10735d
11962_KLAB06466,3cb5b3bdd526689e8f3f6e4cca7334df
11963_KLAB06693,05c6d828b1abeb3c362ffd45cc7800c1
11964_KLAB06775,eb68ab464fc84786458af272d049e614
11965_KLAB06712,43ad4ee4ce876e4a695053b9bfca9cd1
11966_KLAB07040,542441cf9118b62c7263d252a839f496
11967_KLAB07041,f53e2393f00ba3689ed685765053597e
11968_KLAB07039,775c2c68d2eb08dfb53bc50e9f69bccf
12788_NOTI01181,b165fe586c2dc41b55acb6e6fc2f5b31
12789_NOTI01182,3267098323ba54ed390045409a6a34f7
12790_NOTJ01580,eb02fcd1f13f8a92f4eb331d5081d6b0
12791_NOTI01184,30edc7a72a13977cc8202a0ffe350ed9
12792_NOTI01185,e494060a282a1e3f07dd226d944ef9c2
12793_NOTI01186,9032cb123c86f177502e9a260a06a2dd
12794_NOTJ01581,0fd3bf846cdd0ad5e2df2189aef23575
12795_NOTI01188,aee8b4d31544384f987530aa5b145450
12796_NOTI01189,2730f42c3f62eafcebd4bde9a0632e05
12797_NOTI01190,9a7664b550bd582f134910d02e8c8ff2
12798_NOTI01191,8f47a59c2b94032faca3bc8e33c816ce
12799_NOTI01192,5f02b47d291e8e50e9ebde46367ff797
12800_NOTI01193,6d57c9fb144c7e5b5dff14d69862e5fd
12801_NOTI01194,87701c2994e2be58b66cbafec5ca2786
12802_NOTI01195,864a03784a8a49a602909cff0a93537c
12803_NOTI01196,ef7d930dd01a4947955a78ddaa383578
12804_NOTI01197,5bc8f4df0a939d9c02f0884b3ad617d8
12805_NOTI01198,03da7707e4bdab6bcb3dad1cf026d535
12806_NOTI01199,3e4c5797fcee6bacef6456fd6c7e094f
12807_NOTI01200,fe6dd69cc822db8f9806fa65fd90b01c
12808_A33456,03eafec360299d6cc32ff15cb29f4b33
12809_A33401,357731cc6c841458155ecd20cf0dac07
12810_KLAD02203,c0c83bf89850238c782211a84a02e77f
12811_NOTI01201,1df77c2eec05c068e7720e01fc0beeed
12812_NOTI01202,65fd64a60fa4f3680e79a07675af5a3c
12813_NOTI01203,e389fe133abc1912d352f031c06a4a5a
12814_NOTI01204,380d4105e8d290d00ef63a32f22b1994
12815_NOTI01205,1109b1becf940cbbedaebdd318b8acce
12816_NOTI01206,f878103f237011148c463f47e590caee
12817_NOTI01207,276bb0d9aa92f5a0e0667114b12cc63d
12818_NOTI01208,3c01e6fa863332ff55e23297e624ea8c
12819_NOTI01209,5bb73ce6fd0a89fc052c6e7e8eaada61
12820_NOTI01210,ccce12b0fe21e8c1bcbe02dc86b0848e
12821_NOTI01211,11d61a0f9deacf87640a5e0d4a6ca3d0
12822_NOTI01212,80658bb58491460d9b1ee3ae6de807b7
12823_NOTI01213,e456e29461772e3552f391e775cbf1ee
12824_NOTI01214,106de885a674cfd463df03636266a4c0
12825_NOTI01215,da0a4b88f3303edc0feb5952769807ac
12826_NOTI01216,d78ad7290104665aeae05b42096b9df5
12827_NOTI01217,8ddb26aa68d5336b61a90180c11991a4
12828_NOTI01218,162ac2793fe7477aeb02982b62a64c4f
12829_NOTI01091,763083ae4373517c976700ef5fd7b7ea
12830_NOTI01092,a3197c129efbb09d6d95998ff0a389fe
12831_KLAB03054,86d7be2dd0095c8718e40fab8c0ae113
12832_NOTI01093,eb2df6e8bb10ccee11a3b5db465e1b77
12833_NOTI01094,4851b9f6ef96b8faa85153727fce0f4c
12834_NOTI01095,91ded4d8982d35f80252386df219aedd
12835_NOTI01096,a72dea134818035af4f521dd3b590cf2
12836_NOTI01097,6a3ac0447ff3ec6d1abad0f302c70716
12837_NOTI01098,e94062c57ea4458ec5f3bb4b3f9a5e19
12838_A22275,7b58b6471eb3d00bff55c4add3a81ef4
12839_NOTI01099,69887b8c9f91532b73aa801fdfba0ca0
12840_NOTI01100,09c0276f65cbc4b48c0ac9dc658d8a77
12841_NOTI01101,814b1addc6e6f63fe46bd6e2388a9b06
12842_NOTI01102,8b1d3d18edc3f68d98c94b1d71b29369
12843_NOTI01103,6a06e82f323ffc5a419166db585d2f97
12844_NOTI01104,8311765952bea60f0d95b0d67012e9ea
12845_NOTI01105,6c494a925090c8f63c93e255404cc9ff
12846_NOTI01106,7b015271aef038aaf0f8a78f419a255c
12847_NOTI01107,acfdfa27dfbe3a825a56323e3081c1ba
12848_NOTI01108,9c47a74d15ed24509a86629883827960
12849_KLAB09039,e51206a3845900a93a90b564cadad282
12850_NOTI01109,26b34458b37259d8e36a6dd64cfec686
12851_NOTI01110,c4bddb25480f9ba9706d1fd1d6813c79
12852_NOTI01111,ed867e7e1b18fd8ecf178167f0dcb4de
12853_KLAG03569,c690ef503303f82267cf25ed4a49fbfe
12854_NOTI01112,b3f876e466eb4b9a30a30f68c3c4d581
12855_NOTI01113,3e2cb12875357cb52211959ff01ddaa7
12856_NOTI01114,b89768d2c8e0d4ce4ec14c3fcc3125f4
12857_NOTI01115,4f9f880b6197a2deca9161a97423ce20
12858_NOTG00021,9a54f046c0d719b93a0470f7b7110c9a
12859_KLAB08114,968df017fa5cc17dd4bca9e080ac64d3
12860_NOTI01116,2647f2130f554f6ac91d9ffa48d41cb7
12861_NOTI01117,bd98c48d5a41cc4d94b9c9a8ec6f2f8c
12862_NOTI01118,c818b1134e579ab0739d4cb80146b090
12863_A29378,ee5682b6767a27feb6587c606337498c
12864_NOTI01119,99d2b00c7cf73aad36ae5f1e2c0bfb54
12865_NOTI01120,ffee5f377af4458a846720c3966442dd
12866_NOTG00022,dcde071365ca61763e062784948eb9f9
12867_NOTI01121,05a4ea729fbf6375c9d4685346b4c400
12868_NOTI01122,3b70b26ff53435bdce5e1dc48d0141b3
12869_NOTG00023,7c16b49344c5e89c0b31540876cefd32
12870_NOTI01123,0b27e9754dd7392b15ee61f822163216
12871_NOTI01124,8cc41e3ffa8dc802c6659d42ef7d4195
12872_NOTI01125,018fd6287ffb0338fee504e090259a6f
12873_NOTI01126,fa4821e606e66cf6bd258d7a8e8ba672
12874_NOTI01127,e3a2ae35a55052a13e475f537e02a346
12875_KLAB00116,fd448d46fc8ca6b1f460d0eb2775b3b0
12876_NOTI01219,2c7b8d0804ef2af65d074053d32028b8
12877_NOTI01220,e79ecbcb16347c2f67f698f6ca965bff
12878_NOTI01221,c4186e1360597a81c4fb663233fe5540
12879_NOTI01222,d424cf2098656c5146a1a6989f6f4239
12880_NOTI01223,cfa63392c0b38e4f7a4b77f800aaaa28
12881_NOTI01224,f4a8900b002a9b99df352df2d8b89c90
12882_NOTI01225,9e0c92536891d46b052fcba661a1e3c8
12883_NOTI01226,6fa9c80edb03882d641dfe68c865a992
12884_NOTI01227,521c2ff8e2e29a15a9893a0309eabb9a
13131_A31239,6cc2666eedd202f2bcc87d890c8c766c
13132_KLAC01201,3357c15f5fca9521642b3d592cac8714
13133_KLAC01152,a0b0e21a8441778c4cd13ce4d3d77fba
13134_KLAC01199,f9372e13d9ce9d17d655e5a1d4ecec80
14255_KLAC00384,82bdd63718d86ee5371c253689d7eb8f
14256_KLAC00452,826f90ad853250d3c1905f28bbb5921c
14257_KLAC00451,75444096e6e96bf83d5ade8358c44cb3
14258_KLAC00437,bbc8340b58a34c1c3f8bd71468184ef3
14259_KLAC00463,8dbdfe68dda5b03aae95b30c6113de1a
14260_KLAC00458,1feac2af918633ab444cb8861212bacd
14261_KLAC00470,0e0f0f062cdab2ca40e606e48f63bcdc
14262_KLAC00396,365a3c3424eedb3e1cfa98953ca9156f
14263_KLAC00391,940c62441de80e8fb22f04fc783fb06f
14264_KLAC00371,7fe5794e109a31546e4314befc901475
14265_KLAC00421,629e7c75c1ea0803b9d0662530da7cbf
14266_KLAC00655,5d73edb33a0007ba67acd9063d3bb6c6
14267_KLAC00675,b1dbb789a78dc9a0f7acd8c68c25691a
14268_KLAC00678,eabce57d21d2740fe2b85605bb440c56
14269_KLAC00687,84a7ab2cf9197665b75d2ec2ece16c6e
14270_KLAC00715,bb3cbd3f5058994c06ac9fddac1705fc
14271_KLAC00736,0f9b15e306d3f54e4867876e50d9c47b
14272_KLAC00814,6bcbd926d23ec26eecd8c7afc32557b0
14273_KLAC00769,2f75d91f0bcf30a08e5548e2ea3f1de6
14274_KLAC00822,63b8dd2e8087eeedbc0029a8b414c799
14275_KLAC01158,fabba627f0fcc28ef60a6b13554a19e4
14276_KLAC01163,87c64908189cb451285716cf2e8d0cb7
